Club,Tipo Transferencia,Nombre Jugador,Fecha Traspaso,Equipo,Subtipo Traspaso
Arsenal,Transferencias entrantes (€147.1M),T. Tomiyasu,31/08/21,Bolonia, N/A
Arsenal,Transferencias entrantes (€147.1M),A. Ramsdale,20/08/21,Sheff Utd,€ 28M
Arsenal,Transferencias entrantes (€147.1M),M. Ødegaard,20/08/21,Real Madrid,€ 35M
Arsenal,Transferencias entrantes (€147.1M),B. White,30/07/21,Brighton,€ 58.6M
Arsenal,Transferencias entrantes (€147.1M),A. Lokonga,19/07/21,Anderlecht,€ 17.5M
Arsenal,Transferencias entrantes (€147.1M),H. Clarke,12/07/21,Oldham,Libre
Arsenal,Transferencias entrantes (€147.1M),Nuno Tavares,10/07/21,Benfica,€ 8M
Arsenal,Transferencias entrantes (€147.1M),J. Osei-Tutu,01/07/21,Cardiff,N/A
Arsenal,Transferencias entrantes (€147.1M),J. Willock,01/07/21,Newcastle,N/A
Arsenal,Transferencias entrantes (€147.1M),A. Maitland-Niles,01/07/21,West Bromwich,N/A
Arsenal,Transferencias entrantes (€147.1M),S. Kolašinac,01/07/21,Schalke 04,N/A
Arsenal,Transferencias entrantes (€147.1M),T. John-Jules,01/06/21,Doncaster,N/A
Arsenal,Transferencias entrantes (€147.1M),M. McGuinness,01/06/21,Ipswich,N/A
Arsenal,Transferencias entrantes (€147.1M),D. Ballard,01/06/21,Blackpool,N/A
Arsenal,Transferencias entrantes (€147.1M),D. Iliev,01/02/21,Shrewsbury,N/A
Arsenal,Transferencias entrantes (€147.1M),M. Ødegaard,27/01/21,Real Madrid,Cesión
Arsenal,Transferencias entrantes (€147.1M),M. Ryan,22/01/21,Brighton,Cesión
Arsenal,Transferencias salientes (€29.3M),David Luiz,11/09/21,Flamengo,Libre
Arsenal,Transferencias salientes (€29.3M),Bellerín,31/08/21,Betis,Cesión
Arsenal,Transferencias salientes (€29.3M),R. Rúnarsson,31/08/21,OHL,Cesión
Arsenal,Transferencias salientes (€29.3M),M. Azeez,30/08/21,Portsmouth,Cesión
Arsenal,Transferencias salientes (€29.3M),Willian,30/08/21,Corinthians,Libre
Arsenal,Transferencias salientes (€29.3M),L. Torreira,25/08/21,Fiorentina,Cesión
Arsenal,Transferencias salientes (€29.3M),J. Willock,13/08/21,Newcastle,€ 29.3M
Arsenal,Transferencias salientes (€29.3M),J. Osei-Tutu,10/08/21,Nottingham,Cesión
Arsenal,Transferencias salientes (€29.3M),T. Smith,09/08/21,Welling Utd,Libre
Arsenal,Transferencias salientes (€29.3M),H. Clarke,02/08/21,Ross,Cesión
Arsenal,Transferencias salientes (€29.3M),T. John-Jules,29/07/21,Blackpool,Cesión
Arsenal,Transferencias salientes (€29.3M),D. Iliev,26/07/21,Sereď,Cesión
Arsenal,Transferencias salientes (€29.3M),W. Saliba,15/07/21,Marsella,Cesión
Arsenal,Transferencias salientes (€29.3M),M. Guendouzi,06/07/21,Marsella,Cesión
Arsenal,Transferencias salientes (€29.3M),M. McGuinness,01/07/21,Cardiff,Libre
Arsenal,Transferencias salientes (€29.3M),M. Smith,01/07/21,Doncaster,Cesión
Arsenal,Transferencias salientes (€29.3M),D. Ballard,01/07/21,Millwall,Cesión
Arsenal,Transferencias salientes (€29.3M),Dani Ceballos,01/07/21,Real Madrid,N/A
Arsenal,Transferencias salientes (€29.3M),M. Ødegaard,01/07/21,Real Madrid,N/A
Arsenal,Transferencias salientes (€29.3M),M. Ryan,01/07/21,Brighton,N/A
Arsenal,Transferencias salientes (€29.3M),J. Willock,01/02/21,Newcastle,Cesión
Arsenal,Transferencias salientes (€29.3M),A. Maitland-Niles,01/02/21,West Bromwich,Cesión
Arsenal,Transferencias salientes (€29.3M),S. Mustafi,01/02/21,Schalke 04,Libre
Arsenal,Transferencias salientes (€29.3M),S. Papastathopoulos,25/01/21,Olympiakos,Libre
Arsenal,Transferencias salientes (€29.3M),M. Özil,24/01/21,Fenerbahçe,Libre
Arsenal,Transferencias salientes (€29.3M),M. Macey,08/01/21,Hibernian,Libre
Arsenal,Transferencias salientes (€29.3M),W. Saliba,04/01/21,Niza,Cesión
Arsenal,Transferencias salientes (€29.3M),S. Kolašinac,04/01/21,Schalke 04,Cesión
Aston Villa,Transferencias entrantes (€53.8M),A. Tuanzebe,08/08/21,Man United,Cesión
Aston Villa,Transferencias entrantes (€53.8M),L. Bailey,04/08/21,Leverkusen, N/A
Aston Villa,Transferencias entrantes (€53.8M),D. Ings,04/08/21,Southampton, N/A
Aston Villa,Transferencias entrantes (€53.8M),D. Revan,01/07/21,Weymouth,N/A
Aston Villa,Transferencias entrantes (€53.8M),F. Guilbert,01/07/21,Estrasburgo,N/A
Aston Villa,Transferencias entrantes (€53.8M),L. Kalinić,01/07/21,Hajduk,N/A
Aston Villa,Transferencias entrantes (€53.8M),C. Hourihane,01/07/21,Swansea,N/A
Aston Villa,Transferencias entrantes (€53.8M),A. Young,01/07/21,Inter,Libre
Aston Villa,Transferencias entrantes (€53.8M),E. Buendía,10/06/21,Norwich,€ 38M
Aston Villa,Transferencias entrantes (€53.8M),I. Vassilev,01/06/21,Cheltenham,N/A
Aston Villa,Transferencias entrantes (€53.8M),I. Vassilev,28/01/21,Burton Albion,N/A
Aston Villa,Transferencias entrantes (€53.8M),M. Sanson,26/01/21,Marsella,€ 15.8M
Aston Villa,Transferencias salientes (€123.5M),M. Tait,06/09/21,Tamworth,Libre
Aston Villa,Transferencias salientes (€123.5M),F. Guilbert,31/08/21,Estrasburgo,Cesión
Aston Villa,Transferencias salientes (€123.5M),C. Hourihane,30/08/21,Sheff Utd,Cesión
Aston Villa,Transferencias salientes (€123.5M),Wesley,28/08/21,Brujas,Cesión
Aston Villa,Transferencias salientes (€123.5M),B. Young,16/08/21,Carlisle, N/A
Aston Villa,Transferencias salientes (€123.5M),L. Barry,06/08/21,Ipswich,Cesión
Aston Villa,Transferencias salientes (€123.5M),J. Grealish,05/08/21,Man City,€ 117.5M
Aston Villa,Transferencias salientes (€123.5M),K. Kessler,02/08/21,Swindon,Cesión
Aston Villa,Transferencias salientes (€123.5M),L. Kalinić,08/07/21,Hajduk,Cesión
Aston Villa,Transferencias salientes (€123.5M),I. Vassilev,07/07/21,Inter Miami,Cesión
Aston Villa,Transferencias salientes (€123.5M),R. Barkley,03/07/21,Chelsea,N/A
Aston Villa,Transferencias salientes (€123.5M),T. Heaton,02/07/21,Man United,Libre
Aston Villa,Transferencias salientes (€123.5M),Á. Ónodi,01/07/21,Bromsgrove Sp.,Cesión
Aston Villa,Transferencias salientes (€123.5M),C. Rowe,01/07/21,Exeter,Libre
Aston Villa,Transferencias salientes (€123.5M),B. Engels,01/07/21,Antwerp, N/A
Aston Villa,Transferencias salientes (€123.5M),M. Samatta,01/07/21,Fenerbahçe,€ 6M
Aston Villa,Transferencias salientes (€123.5M),Ø. Nyland,01/02/21,Norwich,Libre
Aston Villa,Transferencias salientes (€123.5M),F. Guilbert,31/01/21,Estrasburgo,Cesión
Aston Villa,Transferencias salientes (€123.5M),H. Lansbury,29/01/21,Bristol City,Libre
Aston Villa,Transferencias salientes (€123.5M),C. Hourihane,21/01/21,Swansea,Cesión
Aston Villa,Transferencias salientes (€123.5M),C. Rowe,16/01/21,Hereford,Cesión
Aston Villa,Transferencias salientes (€123.5M),D. Revan,15/01/21,Weymouth,Cesión
Aston Villa,Transferencias salientes (€123.5M),A. Green,14/01/21,Sheff Wed,N/A
Aston Villa,Transferencias salientes (€123.5M),L. Kalinić,01/01/21,Hajduk,Cesión
Brentford,Transferencias entrantes (€26.1M),M. Jørgensen,09/09/21,Fenerbahçe,Libre
Brentford,Transferencias entrantes (€26.1M),Álvaro Fernández,17/08/21,Huesca, N/A
Brentford,Transferencias entrantes (€26.1M),Y. Wissa,10/08/21,Lorient, N/A
Brentford,Transferencias entrantes (€26.1M),M. Cox,22/07/21,AFC Wimbledon,Libre
Brentford,Transferencias entrantes (€26.1M),K. Ajer,21/07/21,Celtic,€ 15.7M
Brentford,Transferencias entrantes (€26.1M),F. Onyeka,20/07/21,Midtjylland,€ 10.4M
Brentford,Transferencias entrantes (€26.1M),H. Dervişoğlu,01/07/21,Galatasaray,N/A
Brentford,Transferencias entrantes (€26.1M),P. Gunnarsson,01/07/21,Silkeborg,N/A
Brentford,Transferencias entrantes (€26.1M),J. Valencia,01/07/21,Legia,N/A
Brentford,Transferencias entrantes (€26.1M),J. Jeanvier,01/07/21,Kasımpaşa,N/A
Brentford,Transferencias entrantes (€26.1M),D. Thompson,01/06/21,Swindon,N/A
Brentford,Transferencias entrantes (€26.1M),L. Račić,01/06/21,Northampton,N/A
Brentford,Transferencias entrantes (€26.1M),M. Bidstrup,16/02/21,Leipzig,N/A
Brentford,Transferencias entrantes (€26.1M),W. Reid,01/02/21,West Ham,Cesión
Brentford,Transferencias entrantes (€26.1M),S. Ghoddos,14/01/21,Amiens, N/A
Brentford,Transferencias entrantes (€26.1M),J. Žambůrek,11/01/21,Shrewsbury,N/A
Brentford,Transferencias entrantes (€26.1M),H. Dervişoğlu,02/01/21,Twente,N/A
Brentford,Transferencias entrantes (€26.1M),P. Gunnarsson,01/01/21,Viborg,N/A
Brentford,Transferencias salientes (€23.1M),K. O'Conner,30/09/21,Cowdenbeath,Libre
Brentford,Transferencias salientes (€23.1M),A. Gilbert,03/09/21,Swindon, N/A
Brentford,Transferencias salientes (€23.1M),H. Dervişoğlu,01/09/21,Galatasaray,Cesión
Brentford,Transferencias salientes (€23.1M),J. Oksanen,31/08/21,Greenock,Cesión
Brentford,Transferencias salientes (€23.1M),P. Gunnarsson,30/08/21,Viking,Cesión
Brentford,Transferencias salientes (€23.1M),L. Daniels,09/08/21,Middlesbrough,Libre
Brentford,Transferencias salientes (€23.1M),F. Stevens,27/07/21,Brentford,Libre
Brentford,Transferencias salientes (€23.1M),A. Presley,16/07/21,AFC Wimbledon,Cesión
Brentford,Transferencias salientes (€23.1M),E. Marcondes,03/07/21,Bournemouth,Libre
Brentford,Transferencias salientes (€23.1M),G. Mogensen,01/07/21,Skibet,N/A
Brentford,Transferencias salientes (€23.1M),E. Balcombe,01/07/21,Burton Albion,Cesión
Brentford,Transferencias salientes (€23.1M),H. Dalsgaard,01/07/21,Midtjylland,Libre
Brentford,Transferencias salientes (€23.1M),W. Reid,01/07/21,West Ham,N/A
Brentford,Transferencias salientes (€23.1M),S. Benrahma,29/01/21,West Ham,€ 23.1M
Brentford,Transferencias salientes (€23.1M),F. Hammar,25/01/21,Akropolis, N/A
Brentford,Transferencias salientes (€23.1M),H. Dervişoğlu,25/01/21,Galatasaray,Cesión
Brentford,Transferencias salientes (€23.1M),E. Balcombe,06/01/21,Doncaster,Cesión
Brentford,Transferencias salientes (€23.1M),D. Thompson,06/01/21,Swindon,Cesión
Brentford,Transferencias salientes (€23.1M),P. Gunnarsson,05/01/21,Silkeborg,Cesión
Brighton & Hove Albion,Transferencias entrantes (€23M),Cucurella,31/08/21,Getafe,€ 18M
Brighton & Hove Albion,Transferencias entrantes (€23M),A. Sima,30/08/21,Slavia, N/A
Brighton & Hove Albion,Transferencias entrantes (€23M),K. Mitoma,10/08/21,Kawasaki, N/A
Brighton & Hove Albion,Transferencias entrantes (€23M),K. Scherpen,16/07/21,Ajax,€ 5M
Brighton & Hove Albion,Transferencias entrantes (€23M),E. Mwepu,06/07/21,Salzburgo, N/A
Brighton & Hove Albion,Transferencias entrantes (€23M),J. van Hecke,01/07/21,Heerenveen,N/A
Brighton & Hove Albion,Transferencias entrantes (€23M),L. Østigård,01/07/21,Coventry,N/A
Brighton & Hove Albion,Transferencias entrantes (€23M),J. Molumby,01/07/21,Preston,N/A
Brighton & Hove Albion,Transferencias entrantes (€23M),V. Gyökeres,01/07/21,Coventry,N/A
Brighton & Hove Albion,Transferencias entrantes (€23M),T. Băluţă,01/07/21,Dinamo ,N/A
Brighton & Hove Albion,Transferencias entrantes (€23M),J. Mlakar,01/07/21,Maribor,N/A
Brighton & Hove Albion,Transferencias entrantes (€23M),M. Clarke,01/07/21,Derby,N/A
Brighton & Hove Albion,Transferencias entrantes (€23M),J. Locadia,01/07/21,Cincinnati,N/A
Brighton & Hove Albion,Transferencias entrantes (€23M),M. Ryan,01/07/21,Arsenal,N/A
Brighton & Hove Albion,Transferencias entrantes (€23M),S. Duffy,01/07/21,Celtic,N/A
Brighton & Hove Albion,Transferencias entrantes (€23M),A. Cochrane,29/06/21,Saint-Gilloise,N/A
Brighton & Hove Albion,Transferencias entrantes (€23M),H. Roberts,01/06/21,Rochdale,N/A
Brighton & Hove Albion,Transferencias entrantes (€23M),R. Longman,01/06/21,AFC Wimbledon,N/A
Brighton & Hove Albion,Transferencias entrantes (€23M),T. Richards,01/06/21,Doncaster,N/A
Brighton & Hove Albion,Transferencias entrantes (€23M),M. Caicedo,01/02/21,Ind. del Valle, N/A
Brighton & Hove Albion,Transferencias entrantes (€23M),G. Murray,31/01/21,Watford,N/A
Brighton & Hove Albion,Transferencias entrantes (€23M),M. Karbownik,17/01/21,Legia,N/A
Brighton & Hove Albion,Transferencias entrantes (€23M),P. Tau,07/01/21,Anderlecht,N/A
Brighton & Hove Albion,Transferencias entrantes (€23M),J. Moder,01/01/21,Poznań,N/A
Brighton & Hove Albion,Transferencias salientes (€58.6M),M. Caicedo,01/09/21,Beerschot,Cesión
Brighton & Hove Albion,Transferencias salientes (€58.6M),P. Tau,01/09/21,Ahly, N/A
Brighton & Hove Albion,Transferencias salientes (€58.6M),A. Sima,31/08/21,Stoke,Cesión
Brighton & Hove Albion,Transferencias salientes (€58.6M),A. Zeqiri,30/08/21,Augsburgo,Cesión
Brighton & Hove Albion,Transferencias salientes (€58.6M),C. Walton,30/08/21,Ipswich,Cesión
Brighton & Hove Albion,Transferencias salientes (€58.6M),J. van Hecke,29/08/21,Blackburn,Cesión
Brighton & Hove Albion,Transferencias salientes (€58.6M),M. Karbownik,28/08/21,Olympiakos,Cesión
Brighton & Hove Albion,Transferencias salientes (€58.6M),J. Molumby,27/08/21,West Bromwich,Cesión
Brighton & Hove Albion,Transferencias salientes (€58.6M),F. Andone,23/08/21,Cádiz,Cesión
Brighton & Hove Albion,Transferencias salientes (€58.6M),K. Mitoma,11/08/21,Saint-Gilloise,Cesión
Brighton & Hove Albion,Transferencias salientes (€58.6M),L. Østigård,10/08/21,Stoke,Cesión
Brighton & Hove Albion,Transferencias salientes (€58.6M),B. White,30/07/21,Arsenal,€ 58.6M
Brighton & Hove Albion,Transferencias salientes (€58.6M),A. Jahanbakhsh,17/07/21,Feyenoord, N/A
Brighton & Hove Albion,Transferencias salientes (€58.6M),J. Weir,13/07/21,Cambridge Utd,Cesión
Brighton & Hove Albion,Transferencias salientes (€58.6M),M. Clarke,13/07/21,West Bromwich,Cesión
Brighton & Hove Albion,Transferencias salientes (€58.6M),M. Ryan,13/07/21,Real Sociedad,Libre
Brighton & Hove Albion,Transferencias salientes (€58.6M),V. Gyökeres,09/07/21,Coventry, N/A
Brighton & Hove Albion,Transferencias salientes (€58.6M),R. Longman,07/07/21,Hull,Cesión
Brighton & Hove Albion,Transferencias salientes (€58.6M),T. Jenks,01/07/21,Aberdeen,Cesión
Brighton & Hove Albion,Transferencias salientes (€58.6M),A. Cochrane,01/07/21,Hearts,Cesión
Brighton & Hove Albion,Transferencias salientes (€58.6M),J. Mlakar,01/07/21,Hajduk, N/A
Brighton & Hove Albion,Transferencias salientes (€58.6M),D. Pröpper,01/07/21,PSV,Libre
Brighton & Hove Albion,Transferencias salientes (€58.6M),E. Schelotto,04/02/21,Racing Club,Libre
Brighton & Hove Albion,Transferencias salientes (€58.6M),M. Sanders,01/02/21,Lincoln, N/A
Brighton & Hove Albion,Transferencias salientes (€58.6M),G. Murray,01/02/21,Nottingham,Cesión
Brighton & Hove Albion,Transferencias salientes (€58.6M),Bernardo,23/01/21,Salzburgo, N/A
Brighton & Hove Albion,Transferencias salientes (€58.6M),M. Ryan,22/01/21,Arsenal,Cesión
Brighton & Hove Albion,Transferencias salientes (€58.6M),W. O'Hora,18/01/21,MK Dons,Libre
Brighton & Hove Albion,Transferencias salientes (€58.6M),V. Gyökeres,15/01/21,Coventry,Cesión
Brighton & Hove Albion,Transferencias salientes (€58.6M),J. Molumby,06/01/21,Preston,Cesión
Burnley,Transferencias entrantes (€15M),C. Roberts,31/08/21,Swansea, N/A
Burnley,Transferencias entrantes (€15M),M. Cornet,29/08/21,Lyon,€ 15M
Burnley,Transferencias entrantes (€15M),A. Lennon,24/08/21,Kayserispor,Libre
Burnley,Transferencias entrantes (€15M),W. Hennessey,20/07/21,Crystal Palace,Libre
Burnley,Transferencias entrantes (€15M),B. Thomas,01/07/21,Barrow,N/A
Burnley,Transferencias entrantes (€15M),J. Bedeau,01/07/21,Scunthorpe,Libre
Burnley,Transferencias entrantes (€15M),B. Gibson,30/06/21,Norwich,N/A
Burnley,Transferencias entrantes (€15M),N. Collins,24/06/21,Stoke, N/A
Burnley,Transferencias entrantes (€15M),L. Jensen,13/05/21,Bolton,N/A
Burnley,Transferencias salientes (€9.9M),R. Brady,18/10/21,Bournemouth,Libre
Burnley,Transferencias salientes (€9.9M),J. Benson,29/07/21,Barnsley, N/A
Burnley,Transferencias salientes (€9.9M),B. Peacock-Farrell,27/07/21,Sheff Wed,Cesión
Burnley,Transferencias salientes (€9.9M),L. Jensen,20/07/21,Carlisle,Cesión
Burnley,Transferencias salientes (€9.9M),J. Dunne,13/07/21,QPR, N/A
Burnley,Transferencias salientes (€9.9M),J. Mumbongo,01/07/21,Accrington,Cesión
Burnley,Transferencias salientes (€9.9M),B. Gibson,01/07/21,Norwich,€ 9.9M
Burnley,Transferencias salientes (€9.9M),L. Jensen,14/05/21,Kórdrengir,Cesión
Burnley,Transferencias salientes (€9.9M),B. Thomas,22/01/21,Barrow,Cesión
Chelsea,Transferencias entrantes (€115M),Saúl,31/08/21,Atl. Madrid,Cesión
Chelsea,Transferencias entrantes (€115M),R. Lukaku,12/08/21,Inter,€ 115M
Chelsea,Transferencias entrantes (€115M),M. Bettinelli,28/07/21,Fulham,Libre
Chelsea,Transferencias entrantes (€115M),A. Broja,26/07/21,Vitesse,Libre
Chelsea,Transferencias entrantes (€115M),T. Chalobah,26/07/21,Lorient,Libre
Chelsea,Transferencias entrantes (€115M),I. Ugbo,26/07/21,Brujas,N/A
Chelsea,Transferencias entrantes (€115M),R. Barkley,03/07/21,Aston Villa,N/A
Chelsea,Transferencias entrantes (€115M),J. Familia-Castillo,01/07/21,ADO,N/A
Chelsea,Transferencias entrantes (€115M),C. Gallagher,01/07/21,West Bromwich,N/A
Chelsea,Transferencias entrantes (€115M),E. Ampadu,01/07/21,Sheff Utd,N/A
Chelsea,Transferencias entrantes (€115M),M. Guehi,01/07/21,Swansea,N/A
Chelsea,Transferencias entrantes (€115M),M. Sarr,01/07/21,Oporto,N/A
Chelsea,Transferencias entrantes (€115M),J. Clarke-Salter,01/07/21,Birmingham,N/A
Chelsea,Transferencias entrantes (€115M),M. Miazga,01/07/21,Anderlecht,N/A
Chelsea,Transferencias entrantes (€115M),Kenedy,01/07/21,Granada,N/A
Chelsea,Transferencias entrantes (€115M),R. Loftus-Cheek,01/07/21,Fulham,N/A
Chelsea,Transferencias entrantes (€115M),A. Baba,01/07/21,PAOK,N/A
Chelsea,Transferencias entrantes (€115M),L. Baker,01/07/21,Trabzon,N/A
Chelsea,Transferencias entrantes (€115M),D. Zappacosta,01/07/21,Génova,N/A
Chelsea,Transferencias entrantes (€115M),M. Batshuayi,01/07/21,Crystal Palace,N/A
Chelsea,Transferencias entrantes (€115M),T. Bakayoko,01/07/21,Nápoles,N/A
Chelsea,Transferencias entrantes (€115M),D. Drinkwater,01/07/21,Kasımpaşa,N/A
Chelsea,Transferencias entrantes (€115M),F. Tomori,30/06/21,Milan,N/A
Chelsea,Transferencias entrantes (€115M),I. Brown,22/06/21,Sheff Wed,N/A
Chelsea,Transferencias entrantes (€115M),I. Maatsen,01/06/21,Charlton,N/A
Chelsea,Transferencias entrantes (€115M),J. Cumming,01/06/21,Stevenage,N/A
Chelsea,Transferencias entrantes (€115M),N. Baxter,01/06/21,Accrington,N/A
Chelsea,Transferencias salientes (€124.1M),F. Anjorin,02/09/21,Lokomotiv,Cesión
Chelsea,Transferencias salientes (€124.1M),E. Ampadu,31/08/21,Venecia,Cesión
Chelsea,Transferencias salientes (€124.1M),D. Sterling,31/08/21,Blackpool,Cesión
Chelsea,Transferencias salientes (€124.1M),T. Bakayoko,30/08/21,Milan,Cesión
Chelsea,Transferencias salientes (€124.1M),D. Drinkwater,30/08/21,Reading,Cesión
Chelsea,Transferencias salientes (€124.1M),K. Zouma,28/08/21,West Ham,€ 35M
Chelsea,Transferencias salientes (€124.1M),A. Baba,27/08/21,Reading,Cesión
Chelsea,Transferencias salientes (€124.1M),K. Žiger,25/08/21,Rudar,Cesión
Chelsea,Transferencias salientes (€124.1M),I. Ugbo,24/08/21,Genk, N/A
Chelsea,Transferencias salientes (€124.1M),D. Zappacosta,24/08/21,Atalanta,€ 9M
Chelsea,Transferencias salientes (€124.1M),Emerson,19/08/21,Lyon,Cesión
Chelsea,Transferencias salientes (€124.1M),Kenedy,18/08/21,Flamengo,Cesión
Chelsea,Transferencias salientes (€124.1M),M. Batshuayi,18/08/21,Besiktas ,Cesión
Chelsea,Transferencias salientes (€124.1M),T. Abraham,17/08/21,Roma,€ 40M
Chelsea,Transferencias salientes (€124.1M),J. Clarke-Salter,13/08/21,Coventry,Cesión
Chelsea,Transferencias salientes (€124.1M),A. Broja,10/08/21,Southampton,Cesión
Chelsea,Transferencias salientes (€124.1M),V. Livramento,02/08/21,Southampton,€ 5.9M
Chelsea,Transferencias salientes (€124.1M),I. Maatsen,30/07/21,Coventry,Cesión
Chelsea,Transferencias salientes (€124.1M),C. Gallagher,30/07/21,Crystal Palace,Cesión
Chelsea,Transferencias salientes (€124.1M),J. Cumming,25/07/21,Gillingham,Cesión
Chelsea,Transferencias salientes (€124.1M),M. Miazga,19/07/21,Alavés,Cesión
Chelsea,Transferencias salientes (€124.1M),M. Guehi,18/07/21,Crystal Palace, N/A
Chelsea,Transferencias salientes (€124.1M),O. Giroud,17/07/21,Milan,€ 1M
Chelsea,Transferencias salientes (€124.1M),J. Familia-Castillo,06/07/21,Birmingham,Cesión
Chelsea,Transferencias salientes (€124.1M),B. Gilmour,02/07/21,Norwich,Cesión
Chelsea,Transferencias salientes (€124.1M),L. McCormick,01/07/21,AFC Wimbledon,Libre
Chelsea,Transferencias salientes (€124.1M),N. Baxter,01/07/21,Hull,Cesión
Chelsea,Transferencias salientes (€124.1M),F. Tomori,01/07/21,Milan,€ 28M
Chelsea,Transferencias salientes (€124.1M),I. Brown,01/07/21,Preston,Libre
Chelsea,Transferencias salientes (€124.1M),V. Moses,01/07/21,Spartak,€ 5M
Chelsea,Transferencias salientes (€124.1M),A. Baba,01/02/21,PAOK,Cesión
Chelsea,Transferencias salientes (€124.1M),F. Tomori,22/01/21,Milan,Cesión
Chelsea,Transferencias salientes (€124.1M),D. Drinkwater,18/01/21,Kasımpaşa,Cesión
Crystal Palace,Transferencias entrantes (€34.8M),O. Édouard,31/08/21,Celtic,€ 18.5M
Crystal Palace,Transferencias entrantes (€34.8M),W. Hughes,28/08/21,Watford,€ 7M
Crystal Palace,Transferencias entrantes (€34.8M),C. Gallagher,30/07/21,Chelsea,Cesión
Crystal Palace,Transferencias entrantes (€34.8M),J. Andersen,28/07/21,Lyon, N/A
Crystal Palace,Transferencias entrantes (€34.8M),M. Guehi,18/07/21,Chelsea, N/A
Crystal Palace,Transferencias entrantes (€34.8M),R. Matthews,13/07/21,Sunderland,Libre
Crystal Palace,Transferencias entrantes (€34.8M),M. Olise,08/07/21,Reading,€ 9.3M
Crystal Palace,Transferencias entrantes (€34.8M),J. Montes,09/06/21,Georgetown, N/A
Crystal Palace,Transferencias entrantes (€34.8M),S. Woods,01/05/21,Plymouth,N/A
Crystal Palace,Transferencias entrantes (€34.8M),J. Mateta,21/01/21,Mainz,Cesión
Crystal Palace,Transferencias entrantes (€34.8M),J. Jach,01/01/21,Fortuna,N/A
Crystal Palace,Transferencias salientes (€0),S. Woods,13/10/21,Barnet,Libre
Crystal Palace,Transferencias salientes (€0),C. Wickham,13/09/21,Preston,Libre
Crystal Palace,Transferencias salientes (€0),S. Henderson,07/09/21,Charlton,Libre
Crystal Palace,Transferencias salientes (€0),S. Dann,30/08/21,Reading,Libre
Crystal Palace,Transferencias salientes (€0),G. Cahill,20/08/21,Bournemouth,Libre
Crystal Palace,Transferencias salientes (€0),J. McCarthy,03/08/21,Celtic,Libre
Crystal Palace,Transferencias salientes (€0),J. Montes,31/07/21,Waasland,Cesión
Crystal Palace,Transferencias salientes (€0),P. van Aanholt,28/07/21,Galatasaray,Libre
Crystal Palace,Transferencias salientes (€0),M. Sakho,27/07/21,Montpellier,Libre
Crystal Palace,Transferencias salientes (€0),A. Townsend,20/07/21,Everton,Libre
Crystal Palace,Transferencias salientes (€0),W. Hennessey,20/07/21,Burnley,Libre
Crystal Palace,Transferencias salientes (€0),M. Batshuayi,01/07/21,Chelsea,N/A
Crystal Palace,Transferencias salientes (€0),B. Pierrick,01/02/21,Kilmarnock,Cesión
Crystal Palace,Transferencias salientes (€0),S. Woods,31/01/21,Plymouth,Cesión
Crystal Palace,Transferencias salientes (€0),M. Meyer,27/01/21,Colonia,Libre
Crystal Palace,Transferencias salientes (€0),S. Banks,25/01/21,Dunfermline,Cesión
Crystal Palace,Transferencias salientes (€0),N. Kirby,22/01/21,Tranmere,Cesión
Crystal Palace,Transferencias salientes (€0),J. Jach,09/01/21,Rakow,Cesión
Everton,Transferencias entrantes (€0),A. Lonergan,20/08/21,West Bromwich,Libre
Everton,Transferencias entrantes (€0),D. Gray,22/07/21,Leverkusen, N/A
Everton,Transferencias entrantes (€0),A. Townsend,20/07/21,Crystal Palace,Libre
Everton,Transferencias entrantes (€0),A. Begović,20/07/21,Bournemouth,Libre
Everton,Transferencias entrantes (€0),J. Branthwaite,01/07/21,Blackburn,N/A
Everton,Transferencias entrantes (€0),A. Gordon,01/07/21,Preston,N/A
Everton,Transferencias entrantes (€0),L. Gibson,01/07/21,Reading,N/A
Everton,Transferencias entrantes (€0),B. Baningime,01/07/21,Derby,N/A
Everton,Transferencias entrantes (€0),M. Kean,01/07/21,PSG,N/A
Everton,Transferencias entrantes (€0),J. Kenny,01/07/21,Celtic,N/A
Everton,Transferencias entrantes (€0),C. Tosun,01/07/21,Besiktas ,N/A
Everton,Transferencias entrantes (€0),M. Pennington,30/06/21,Shrewsbury,N/A
Everton,Transferencias entrantes (€0),Y. Bolasie,30/06/21,Middlesbrough,N/A
Everton,Transferencias entrantes (€0),T. Walcott,30/06/21,Southampton,N/A
Everton,Transferencias entrantes (€0),E. Simms,01/06/21,Blackpool,N/A
Everton,Transferencias entrantes (€0),J. King,01/02/21,Bournemouth, N/A
Everton,Transferencias salientes (€0),J. Rodríguez,23/09/21,Rayyan, N/A
Everton,Transferencias salientes (€0),M. Bešić,21/09/21,Ferencvaros,Libre
Everton,Transferencias salientes (€0),N. Nkounkou,31/08/21,Standard,Cesión
Everton,Transferencias salientes (€0),M. Kean,31/08/21,Juventus,Cesión
Everton,Transferencias salientes (€0),Y. Bolasie,27/08/21,Rize,Libre
Everton,Transferencias salientes (€0),T. Small,24/08/21,Southampton, N/A
Everton,Transferencias salientes (€0),N. Broadhead,17/08/21,Sunderland,Cesión
Everton,Transferencias salientes (€0),L. Gibson,07/08/21,Sheff Wed,Cesión
Everton,Transferencias salientes (€0),B. Baningime,29/07/21,Hearts, N/A
Everton,Transferencias salientes (€0),Bernard,22/07/21,Sharjah, N/A
Everton,Transferencias salientes (€0),D. Adeniran,10/07/21,Sheff Wed,Libre
Everton,Transferencias salientes (€0),J. King,09/07/21,Watford,Libre
Everton,Transferencias salientes (€0),M. Pennington,01/07/21,Shrewsbury,Libre
Everton,Transferencias salientes (€0),R. Olsen,01/07/21,Roma,N/A
Everton,Transferencias salientes (€0),T. Walcott,01/07/21,Southampton,Libre
Everton,Transferencias salientes (€0),O. Niasse,26/03/21,Huddersfield,N/A
Everton,Transferencias salientes (€0),A. Gordon,01/02/21,Preston,Cesión
Everton,Transferencias salientes (€0),B. Baningime,01/02/21,Derby,Cesión
Everton,Transferencias salientes (€0),J. Kenny,01/02/21,Celtic,Cesión
Everton,Transferencias salientes (€0),C. Tosun,01/02/21,Besiktas ,Cesión
Everton,Transferencias salientes (€0),J. Lössl,01/02/21,Midtjylland, N/A
Everton,Transferencias salientes (€0),Y. Bolasie,28/01/21,Middlesbrough,Cesión
Everton,Transferencias salientes (€0),E. Simms,20/01/21,Blackpool,Cesión
Everton,Transferencias salientes (€0),S. Tarashaj,16/01/21,Zürich,Libre
Everton,Transferencias salientes (€0),J. Branthwaite,15/01/21,Blackburn,Cesión
Leeds United,Transferencias entrantes (€15M),D. James,31/08/21,Man United, N/A
Leeds United,Transferencias entrantes (€15M),K. Klaesson,31/07/21,Valerenga, N/A
Leeds United,Transferencias entrantes (€15M),Junior Firpo,06/07/21,Barcelona,€ 15M
Leeds United,Transferencias entrantes (€15M),J. Harrison,02/07/21,Man City, N/A
Leeds United,Transferencias entrantes (€15M),R. Gotts,01/07/21,Salford,N/A
Leeds United,Transferencias entrantes (€15M),M. Bogusz,01/07/21,UD Logroñés,N/A
Leeds United,Transferencias entrantes (€15M),B. Douglas,01/07/21,Blackburn,N/A
Leeds United,Transferencias entrantes (€15M),A. Miller,28/06/21,Birmingham, N/A
Leeds United,Transferencias entrantes (€15M),R. Edmondson,01/06/21,Northampton,N/A
Leeds United,Transferencias entrantes (€15M),J. Stevens,01/06/21,Bradford,N/A
Leeds United,Transferencias salientes (€0),R. Gotts,31/08/21,Barrow,Libre
Leeds United,Transferencias salientes (€0),Hélder Costa,31/08/21,Valencia,Cesión
Leeds United,Transferencias salientes (€0),I. Poveda-Ocampo,23/08/21,Blackburn,Cesión
Leeds United,Transferencias salientes (€0),E. Caprile,07/08/21,Pro Patria,Cesión
Leeds United,Transferencias salientes (€0),J. Stevens,31/07/21,Barrow,Libre
Leeds United,Transferencias salientes (€0),E. Alioski,29/07/21,Ahli,Libre
Leeds United,Transferencias salientes (€0),L. Davis,27/07/21,Bournemouth,Cesión
Leeds United,Transferencias salientes (€0),Pablo Hernández,20/07/21,Castellón,Libre
Leeds United,Transferencias salientes (€0),Kiko Casilla,14/07/21,Elche,Cesión
Leeds United,Transferencias salientes (€0),M. Bogusz,07/07/21,Ibiza,Cesión
Leeds United,Transferencias salientes (€0),B. Douglas,02/07/21,Poznań,Libre
Leeds United,Transferencias salientes (€0),O. Casey,01/07/21,Blackpool, N/A
Leeds United,Transferencias salientes (€0),R. Edmondson,01/07/21,Fleetwood,Cesión
Leeds United,Transferencias salientes (€0),A. McCalmont,01/07/21,Morecambe,Cesión
Leeds United,Transferencias salientes (€0),J. Harrison,01/07/21,Man City,N/A
Leeds United,Transferencias salientes (€0),C. Shaughnessy,01/02/21,Rochdale,Libre
Leeds United,Transferencias salientes (€0),J. Grot,01/02/21,Osnabrück,Libre
Leeds United,Transferencias salientes (€0),R. Gotts,15/01/21,Salford,Cesión
Leeds United,Transferencias salientes (€0),R. Edmondson,14/01/21,Northampton,Cesión
Leeds United,Transferencias salientes (€0),J. Stevens,08/01/21,Bradford,Cesión
Leicester City,Transferencias entrantes (€44.2M),A. Lookman,31/08/21,Leipzig,Cesión
Leicester City,Transferencias entrantes (€44.2M),J. Vestergaard,13/08/21,Southampton,€ 17.5M
Leicester City,Transferencias entrantes (€44.2M),R. Bertrand,15/07/21,Southampton,Libre
Leicester City,Transferencias entrantes (€44.2M),B. Soumaré,02/07/21,Lille, N/A
Leicester City,Transferencias entrantes (€44.2M),K. Dewsbury-Hall,01/07/21,Luton,N/A
Leicester City,Transferencias entrantes (€44.2M),P. Daka,01/07/21,Salzburgo,€ 26.7M
Leicester City,Transferencias entrantes (€44.2M),F. Benković,01/07/21,OHL,N/A
Leicester City,Transferencias entrantes (€44.2M),R. Ghezzal,01/07/21,Besiktas ,N/A
Leicester City,Transferencias entrantes (€44.2M),M. James,01/07/21,Coventry,N/A
Leicester City,Transferencias entrantes (€44.2M),J. Knight,01/06/21,Wycombe,N/A
Leicester City,Transferencias entrantes (€44.2M),A. Muskwe,01/06/21,Wycombe,N/A
Leicester City,Transferencias entrantes (€44.2M),F. Benković,06/01/21,Cardiff,N/A
Leicester City,Transferencias entrantes (€44.2M),M. James,05/01/21,Barnsley,N/A
Leicester City,Transferencias salientes (€4M),D. Praet,31/08/21,Torino,Cesión
Leicester City,Transferencias salientes (€4M),R. Ghezzal,12/08/21,Besiktas ,€ 3M
Leicester City,Transferencias salientes (€4M),C. Fuchs,05/08/21,Independence, N/A
Leicester City,Transferencias salientes (€4M),G. Hirst,03/08/21,Portsmouth,Cesión
Leicester City,Transferencias salientes (€4M),A. Muskwe,15/07/21,Luton, N/A
Leicester City,Transferencias salientes (€4M),J. Knight,02/07/21,Peterborough, N/A
Leicester City,Transferencias salientes (€4M),M. James,01/07/21,Bristol City,Libre
Leicester City,Transferencias salientes (€4M),C. Wright,01/02/21,Cheltenham,Cesión
Leicester City,Transferencias salientes (€4M),F. Benković,11/01/21,OHL,Cesión
Leicester City,Transferencias salientes (€4M),M. James,06/01/21,Coventry,Cesión
Liverpool,Transferencias entrantes (€43.8M),H. Elliott,01/07/21,Blackburn,N/A
Liverpool,Transferencias entrantes (€43.8M),I. Konaté,01/07/21,Leipzig,€ 41.8M
Liverpool,Transferencias entrantes (€43.8M),T. Awoniyi,01/07/21,Unión Berlín,N/A
Liverpool,Transferencias entrantes (€43.8M),H. Wilson,01/07/21,Cardiff,N/A
Liverpool,Transferencias entrantes (€43.8M),S. Ojo,01/07/21,Cardiff,N/A
Liverpool,Transferencias entrantes (€43.8M),M. Grujić,01/07/21,Oporto,N/A
Liverpool,Transferencias entrantes (€43.8M),L. Karius,01/07/21,Unión Berlín,N/A
Liverpool,Transferencias entrantes (€43.8M),T. Minamino,01/07/21,Southampton,N/A
Liverpool,Transferencias entrantes (€43.8M),A. Lewis,01/06/21,Plymouth,N/A
Liverpool,Transferencias entrantes (€43.8M),O. Kabak,01/02/21,Schalke 04,Cesión
Liverpool,Transferencias entrantes (€43.8M),B. Davies,01/02/21,Preston,€ 2M
Liverpool,Transferencias salientes (€38.5M),R. Williams,31/08/21,Swansea,Cesión
Liverpool,Transferencias salientes (€38.5M),S. Ojo,31/08/21,Millwall,Cesión
Liverpool,Transferencias salientes (€38.5M),B. Woodburn,23/08/21,Hearts,Cesión
Liverpool,Transferencias salientes (€38.5M),X. Shaqiri,23/08/21,Lyon,€ 6M
Liverpool,Transferencias salientes (€38.5M),B. Davies,16/08/21,Sheff Utd,Cesión
Liverpool,Transferencias salientes (€38.5M),Y. Larouci,28/07/21,Troyes,Libre
Liverpool,Transferencias salientes (€38.5M),H. Wilson,24/07/21,Fulham,€ 14M
Liverpool,Transferencias salientes (€38.5M),T. Awoniyi,20/07/21,Unión Berlín, 6.5M
Liverpool,Transferencias salientes (€38.5M),M. Grujić,20/07/21,Oporto,€ 12M
Liverpool,Transferencias salientes (€38.5M),O. Kabak,01/07/21,Schalke 04,N/A
Liverpool,Transferencias salientes (€38.5M),A. Lewis,01/07/21,Livingston,Cesión
Liverpool,Transferencias salientes (€38.5M),G. Wijnaldum,01/07/21,PSG,Libre
Liverpool,Transferencias salientes (€38.5M),V. Jaroš,03/02/21,St Patrick's,Cesión
Liverpool,Transferencias salientes (€38.5M),S. van den Berg,01/02/21,Preston, N/A
Liverpool,Transferencias salientes (€38.5M),T. Minamino,01/02/21,Southampton,Cesión
Liverpool,Transferencias salientes (€38.5M),A. Lewis,14/01/21,Plymouth,Cesión
Manchester City,Transferencias entrantes (€119M),J. Grealish,05/08/21,Aston Villa,€ 117.5M
Manchester City,Transferencias entrantes (€119M),S. Carson,20/07/21,Derby,Libre
Manchester City,Transferencias entrantes (€119M),K. Aguilar,01/07/21,Alianza Lima,£ 1.5M
Manchester City,Transferencias entrantes (€119M),Pablo Moreno,01/07/21,Girona,N/A
Manchester City,Transferencias entrantes (€119M),Iker Pozo,01/07/21,Eindhoven,N/A
Manchester City,Transferencias entrantes (€119M),A. Murić,01/07/21,Willem II,N/A
Manchester City,Transferencias entrantes (€119M),L. Bolton,01/07/21,Dundee Utd,N/A
Manchester City,Transferencias entrantes (€119M),J. Harrison,01/07/21,Leeds,N/A
Manchester City,Transferencias entrantes (€119M),P. Sandler,01/07/21,Anderlecht,N/A
Manchester City,Transferencias entrantes (€119M),P. Roberts,01/07/21,Derby,N/A
Manchester City,Transferencias entrantes (€119M),D. Grimshaw,30/06/21,Lommel,N/A
Manchester City,Transferencias entrantes (€119M),Yan Couto,01/06/21,Girona,N/A
Manchester City,Transferencias entrantes (€119M),M. Rogers,01/06/21,Lincoln,N/A
Manchester City,Transferencias entrantes (€119M),M. Smith,01/06/21,Doncaster,N/A
Manchester City,Transferencias salientes (€26M),Pablo Moreno,31/08/21,Girona,Cesión
Manchester City,Transferencias salientes (€26M),T. Doyle,31/08/21,Hamburgo,Cesión
Manchester City,Transferencias salientes (€26M),C. Gomes,31/08/21,Barnsley,Cesión
Manchester City,Transferencias salientes (€26M),Y. Herrera,31/08/21,Espanyol,Cesión
Manchester City,Transferencias salientes (€26M),P. Sandler,31/08/21,Troyes,Cesión
Manchester City,Transferencias salientes (€26M),E. Palmer-Brown,31/08/21,Troyes,Cesión
Manchester City,Transferencias salientes (€26M),P. Roberts,31/08/21,Troyes,Cesión
Manchester City,Transferencias salientes (€26M),A. Dionkou,30/08/21,Granada, N/A
Manchester City,Transferencias salientes (€26M),Yan Couto,20/08/21,Braga,Cesión
Manchester City,Transferencias salientes (€26M),D. Arzani,19/08/21,Lommel,Cesión
Manchester City,Transferencias salientes (€26M),B. Knight,16/08/21,Crewe,Cesión
Manchester City,Transferencias salientes (€26M),M. Smith,06/08/21,Hull,Cesión
Manchester City,Transferencias salientes (€26M),A. Murić,05/08/21,Demirspor,Cesión
Manchester City,Transferencias salientes (€26M),R. Meshino,02/08/21,Estoril,Cesión
Manchester City,Transferencias salientes (€26M),F. Nmecha,21/07/21,Wolfsburgo,Libre
Manchester City,Transferencias salientes (€26M),L. Nmecha,16/07/21,Wolfsburgo,€ 8M
Manchester City,Transferencias salientes (€26M),K. Aguilar,02/07/21,Lommel,Cesión
Manchester City,Transferencias salientes (€26M),J. Harrison,02/07/21,Leeds, N/A
Manchester City,Transferencias salientes (€26M),J. Trafford,01/07/21,Accrington,Cesión
Manchester City,Transferencias salientes (€26M),T. Harwood-Bellis,01/07/21,Anderlecht,Cesión
Manchester City,Transferencias salientes (€26M),Adrián Bernabé,01/07/21,Parma,Libre
Manchester City,Transferencias salientes (€26M),Eric García,01/07/21,Barcelona,Libre
Manchester City,Transferencias salientes (€26M),D. Grimshaw,01/07/21,Blackpool,Libre
Manchester City,Transferencias salientes (€26M),Angeliño,01/07/21,Leipzig,€ 18M
Manchester City,Transferencias salientes (€26M),M. Moreno,01/07/21,Kortrijk,Cesión
Manchester City,Transferencias salientes (€26M),S. Agüero,01/07/21,Barcelona,Libre
Manchester City,Transferencias salientes (€26M),T. Harwood-Bellis,01/02/21,Blackburn,Cesión
Manchester City,Transferencias salientes (€26M),A. Murić,01/02/21,Willem II,Cesión
Manchester City,Transferencias salientes (€26M),P. Roberts,01/02/21,Derby,Cesión
Manchester City,Transferencias salientes (€26M),A. Palaversa,26/01/21,Kortrijk,Cesión
Manchester City,Transferencias salientes (€26M),D. Arzani,26/01/21,Aarhus,Cesión
Manchester City,Transferencias salientes (€26M),M. Diskerud,20/01/21,Denizli, N/A
Manchester City,Transferencias salientes (€26M),E. Agyiri,01/01/21,Levadia, N/A
Manchester United,Transferencias entrantes (€145M),Cristiano Ronaldo,31/08/21,Juventus,€ 20M
Manchester United,Transferencias entrantes (€145M),R. Varane,14/08/21,Real Madrid,€ 40M
Manchester United,Transferencias entrantes (€145M),J. Sancho,23/07/21,Dortmund,€ 85M
Manchester United,Transferencias entrantes (€145M),T. Heaton,02/07/21,Aston Villa,Libre
Manchester United,Transferencias entrantes (€145M),F. Pellistri,01/07/21,Alavés,N/A
Manchester United,Transferencias entrantes (€145M),J. Garner,01/07/21,Nottingham,N/A
Manchester United,Transferencias entrantes (€145M),T. Chong,01/07/21,Brujas,N/A
Manchester United,Transferencias entrantes (€145M),Diogo Dalot,01/07/21,Milan,N/A
Manchester United,Transferencias entrantes (€145M),Andreas Pereira,01/07/21,Lazio,N/A
Manchester United,Transferencias entrantes (€145M),Joel Pereira,01/07/21,Huddersfield,N/A
Manchester United,Transferencias entrantes (€145M),J. Lingard,01/07/21,West Ham,N/A
Manchester United,Transferencias entrantes (€145M),D. Levitt,02/06/21,Istra,N/A
Manchester United,Transferencias entrantes (€145M),E. Laird,01/06/21,MK Dons,N/A
Manchester United,Transferencias entrantes (€145M),D. Bernard,01/06/21,Salford,Cesión
Manchester United,Transferencias entrantes (€145M),T. Mengi,19/04/21,Derby,N/A
Manchester United,Transferencias entrantes (€145M),A. Diallo,07/01/21,Atalanta, N/A
Manchester United,Transferencias salientes (€0),S. Romero,12/10/21,Venecia,Libre
Manchester United,Transferencias salientes (€0),D. James,31/08/21,Leeds, N/A
Manchester United,Transferencias salientes (€0),D. Bughail-Mellor,28/08/21,Salford,Cesión
Manchester United,Transferencias salientes (€0),B. Williams,23/08/21,Norwich,Cesión
Manchester United,Transferencias salientes (€0),J. Garner,22/08/21,Nottingham,Cesión
Manchester United,Transferencias salientes (€0),Andreas Pereira,21/08/21,Flamengo,Cesión
Manchester United,Transferencias salientes (€0),E. Laird,16/08/21,Swansea,Cesión
Manchester United,Transferencias salientes (€0),E. Galbraith,13/08/21,Doncaster,Cesión
Manchester United,Transferencias salientes (€0),A. Tuanzebe,08/08/21,Aston Villa,Cesión
Manchester United,Transferencias salientes (€0),F. Pellistri,05/08/21,Alavés,Cesión
Manchester United,Transferencias salientes (€0),W. Fish,30/07/21,Stockport,Cesión
Manchester United,Transferencias salientes (€0),D. Bernard,30/07/21,Hull,Cesión
Manchester United,Transferencias salientes (€0),N. Bishop,25/07/21,Mansfield,Cesión
Manchester United,Transferencias salientes (€0),T. Chong,19/07/21,Birmingham,Cesión
Manchester United,Transferencias salientes (€0),Arnau Puigmal,09/07/21,Almería,Libre
Manchester United,Transferencias salientes (€0),Joel Pereira,05/07/21,Waalwijk,Libre
Manchester United,Transferencias salientes (€0),M. Rojo,02/02/21,Boca Juniors,Libre
Manchester United,Transferencias salientes (€0),T. Mengi,01/02/21,Derby,Cesión
Manchester United,Transferencias salientes (€0),O. Ighalo,01/02/21,Shenhua,N/A
Manchester United,Transferencias salientes (€0),F. Pellistri,31/01/21,Alavés,Cesión
Manchester United,Transferencias salientes (€0),T. Chong,31/01/21,Brujas,Cesión
Manchester United,Transferencias salientes (€0),J. Garner,29/01/21,Nottingham,Cesión
Manchester United,Transferencias salientes (€0),J. Lingard,29/01/21,West Ham,Cesión
Newcastle United,Transferencias entrantes (€29.3M),J. Willock,13/08/21,Arsenal,€ 29.3M
Newcastle United,Transferencias entrantes (€29.3M),F. Woodman,01/07/21,Swansea,N/A
Newcastle United,Transferencias entrantes (€29.3M),Y. Muto,01/07/21,Eibar,N/A
Newcastle United,Transferencias entrantes (€29.3M),K. Watts,01/06/21,Plymouth,N/A
Newcastle United,Transferencias entrantes (€29.3M),J. Willock,01/02/21,Arsenal,Cesión
Newcastle United,Transferencias entrantes (€29.3M),T. Allan,21/01/21,Accrington,N/A
Newcastle United,Transferencias salientes (€0),M. Longstaff,27/08/21,Aberdeen,Cesión
Newcastle United,Transferencias salientes (€0),K. Watts,09/08/21,Wigan,Cesión
Newcastle United,Transferencias salientes (€0),Y. Muto,07/08/21,Vissel Kobe,Libre
Newcastle United,Transferencias salientes (€0),F. Lejeune,22/07/21,Alavés, N/A
Newcastle United,Transferencias salientes (€0),L. Cass,11/07/21,Port Vale,Cesión
Newcastle United,Transferencias salientes (€0),O. Bailey,01/07/21,Gateshead,Libre
Newcastle United,Transferencias salientes (€0),J. Willock,01/07/21,Arsenal,N/A
Newcastle United,Transferencias salientes (€0),L. McNall,01/06/21,Blyth,Libre
Newcastle United,Transferencias salientes (€0),A. Lazaar,11/02/21,Watford,Libre
Newcastle United,Transferencias salientes (€0),D. Yedlin,01/02/21,Galatasaray,Libre
Newcastle United,Transferencias salientes (€0),R. Elliot,28/01/21,Watford,N/A
Newcastle United,Transferencias salientes (€0),R. Aarons,07/01/21,Huddersfield, N/A
Norwich City,Transferencias entrantes (€43M),O. Kabak,30/08/21,Schalke 04,Cesión
Norwich City,Transferencias entrantes (€43M),M. Normann,29/08/21,Rostov,Cesión
Norwich City,Transferencias entrantes (€43M),B. Williams,23/08/21,Man United,Cesión
Norwich City,Transferencias entrantes (€43M),D. Giannoulis,13/08/21,PAOK, N/A
Norwich City,Transferencias entrantes (€43M),C. Tzolis,12/08/21,PAOK,€ 13M
Norwich City,Transferencias entrantes (€43M),J. Sargent,09/08/21,Bremen, N/A
Norwich City,Transferencias entrantes (€43M),P. Lees Melou,13/07/21,Niza,€ 4.1M
Norwich City,Transferencias entrantes (€43M),B. Gilmour,02/07/21,Chelsea,Cesión
Norwich City,Transferencias entrantes (€43M),S. McCallum,01/07/21,Coventry,N/A
Norwich City,Transferencias entrantes (€43M),R. Bushiri,01/07/21,Eupen,N/A
Norwich City,Transferencias entrantes (€43M),D. Sinani,01/07/21,Waasland,N/A
Norwich City,Transferencias entrantes (€43M),B. Gibson,01/07/21,Burnley,€ 9.9M
Norwich City,Transferencias entrantes (€43M),A. Gunn,23/06/21,Southampton, N/A
Norwich City,Transferencias entrantes (€43M),M. Rashica,22/06/21,Bremen,€ 11M
Norwich City,Transferencias entrantes (€43M),W. Hondermarck,01/06/21,Harrogate,N/A
Norwich City,Transferencias entrantes (€43M),T. Omotoye,01/06/21,Swindon,N/A
Norwich City,Transferencias entrantes (€43M),A. Famewo,01/06/21,Charlton,N/A
Norwich City,Transferencias entrantes (€43M),R. Riley,01/02/21,Bolton, N/A
Norwich City,Transferencias entrantes (€43M),Ø. Nyland,01/02/21,Aston Villa,Libre
Norwich City,Transferencias entrantes (€43M),D. Giannoulis,19/01/21,PAOK,Cesión
Norwich City,Transferencias salientes (€38M),W. Hondermarck,10/09/21,Barnsley,Libre
Norwich City,Transferencias salientes (€38M),A. Oxborough,31/08/21,Barnet,Cesión
Norwich City,Transferencias salientes (€38M),O. Hernández,29/08/21,Middlesbrough,Cesión
Norwich City,Transferencias salientes (€38M),J. Hugill,25/08/21,West Bromwich,Cesión
Norwich City,Transferencias salientes (€38M),T. Omotoye,17/08/21,Leyton,Cesión
Norwich City,Transferencias salientes (€38M),Ø. Nyland,17/08/21,Bournemouth,Libre
Norwich City,Transferencias salientes (€38M),D. Sinani,28/07/21,Huddersfield,Cesión
Norwich City,Transferencias salientes (€38M),S. McCallum,12/07/21,QPR,Cesión
Norwich City,Transferencias salientes (€38M),A. Famewo,08/07/21,Charlton,Cesión
Norwich City,Transferencias salientes (€38M),M. Vrančić,05/07/21,Stoke,Libre
Norwich City,Transferencias salientes (€38M),D. Barden,02/07/21,Livingston,Cesión
Norwich City,Transferencias salientes (€38M),R. McAlear,01/07/21,Inverness,Cesión
Norwich City,Transferencias salientes (€38M),J. Martin,01/07/21,MK Dons,Cesión
Norwich City,Transferencias salientes (€38M),O. Skipp,01/07/21,Tottenham,N/A
Norwich City,Transferencias salientes (€38M),Xavi Quintillà,01/07/21,Villarreal,N/A
Norwich City,Transferencias salientes (€38M),P. Heise,01/07/21,Karlsruher,Libre
Norwich City,Transferencias salientes (€38M),B. Gibson,30/06/21,Burnley,N/A
Norwich City,Transferencias salientes (€38M),E. Buendía,10/06/21,Aston Villa,€ 38M
Norwich City,Transferencias salientes (€38M),R. Bushiri,26/01/21,Eupen,Cesión
Norwich City,Transferencias salientes (€38M),T. Omotoye,25/01/21,Swindon,Cesión
Norwich City,Transferencias salientes (€38M),W. Hondermarck,06/01/21,Harrogate,Cesión
Southampton,Transferencias entrantes (€31.1M),Lyanco,25/08/21,Torino,€ 7.5M
Southampton,Transferencias entrantes (€31.1M),T. Small,24/08/21,Everton, N/A
Southampton,Transferencias entrantes (€31.1M),A. Broja,10/08/21,Chelsea,Cesión
Southampton,Transferencias entrantes (€31.1M),A. Armstrong,10/08/21,Blackburn,€ 17.7M
Southampton,Transferencias entrantes (€31.1M),V. Livramento,02/08/21,Chelsea,€ 5.9M
Southampton,Transferencias entrantes (€31.1M),R. Perraud,02/07/21,Brest, N/A
Southampton,Transferencias entrantes (€31.1M),C. Slattery,01/07/21,Gillingham,N/A
Southampton,Transferencias entrantes (€31.1M),Y. Valery,01/07/21,Birmingham,N/A
Southampton,Transferencias entrantes (€31.1M),M. Elyounoussi,01/07/21,Celtic,N/A
Southampton,Transferencias entrantes (€31.1M),M. Lemina,01/07/21,Fulham,N/A
Southampton,Transferencias entrantes (€31.1M),S. Long,01/07/21,Bournemouth,N/A
Southampton,Transferencias entrantes (€31.1M),T. Walcott,01/07/21,Everton,Libre
Southampton,Transferencias entrantes (€31.1M),W. Hoedt,30/06/21,Lazio,N/A
Southampton,Transferencias entrantes (€31.1M),J. Vokins,01/06/21,Sunderland,N/A
Southampton,Transferencias entrantes (€31.1M),T. Minamino,01/02/21,Liverpool,Cesión
Southampton,Transferencias salientes (€17.5M),M. Obafemi,31/08/21,Swansea, N/A
Southampton,Transferencias salientes (€17.5M),J. Vestergaard,13/08/21,Leicester,€ 17.5M
Southampton,Transferencias salientes (€17.5M),D. Ings,04/08/21,Aston Villa, N/A
Southampton,Transferencias salientes (€17.5M),W. Ferry,03/08/21,Crawley,Cesión
Southampton,Transferencias salientes (€17.5M),C. Slattery,23/07/21,Motherwell, N/A
Southampton,Transferencias salientes (€17.5M),R. Bertrand,15/07/21,Leicester,Libre
Southampton,Transferencias salientes (€17.5M),D. N'Lundulu,14/07/21,Lincoln,Cesión
Southampton,Transferencias salientes (€17.5M),A. Jankewitz,12/07/21,Young Boys, N/A
Southampton,Transferencias salientes (€17.5M),J. Vokins,02/07/21,Ross,Cesión
Southampton,Transferencias salientes (€17.5M),K. Ramsay,01/07/21,Crewe,Cesión
Southampton,Transferencias salientes (€17.5M),W. Hoedt,01/07/21,Anderlecht,Libre
Southampton,Transferencias salientes (€17.5M),T. Minamino,01/07/21,Liverpool,N/A
Southampton,Transferencias salientes (€17.5M),T. Walcott,30/06/21,Everton,N/A
Southampton,Transferencias salientes (€17.5M),A. Gunn,23/06/21,Norwich, N/A
Southampton,Transferencias salientes (€17.5M),Y. Valery,01/02/21,Birmingham,Cesión
Southampton,Transferencias salientes (€17.5M),S. Long,01/02/21,Bournemouth,Cesión
Southampton,Transferencias salientes (€17.5M),J. Vokins,29/01/21,Sunderland,Cesión
Tottenham Hotspur,Transferencias entrantes (€42M),P. Sarr,27/08/21,Metz,€ 17M
Tottenham Hotspur,Transferencias entrantes (€42M),B. Austin,18/08/21,Orlando,N/A
Tottenham Hotspur,Transferencias entrantes (€42M),C. Romero,06/08/21,Atalanta, N/A
Tottenham Hotspur,Transferencias entrantes (€42M),Bryan Gil,26/07/21,Sevilla,€ 25M
Tottenham Hotspur,Transferencias entrantes (€42M),P. Gollini,24/07/21,Atalanta,Cesión
Tottenham Hotspur,Transferencias entrantes (€42M),J. Clarke,01/07/21,Stoke,N/A
Tottenham Hotspur,Transferencias entrantes (€42M),T. Parrott,01/07/21,Ipswich,N/A
Tottenham Hotspur,Transferencias entrantes (€42M),O. Skipp,01/07/21,Norwich,N/A
Tottenham Hotspur,Transferencias entrantes (€42M),R. Sessegnon,01/07/21,Hoffenheim,N/A
Tottenham Hotspur,Transferencias entrantes (€42M),C. Carter-Vickers,01/07/21,Bournemouth,N/A
Tottenham Hotspur,Transferencias entrantes (€42M),H. White,01/06/21,Portsmouth,N/A
Tottenham Hotspur,Transferencias entrantes (€42M),J. Okedina,01/06/21,Cambridge Utd,N/A
Tottenham Hotspur,Transferencias entrantes (€42M),T. Eyoma,01/06/21,Lincoln,N/A
Tottenham Hotspur,Transferencias salientes (€22M),S. Aurier,04/10/21,Villarreal,Libre
Tottenham Hotspur,Transferencias salientes (€22M),C. Carter-Vickers,01/09/21,Celtic,Cesión
Tottenham Hotspur,Transferencias salientes (€22M),J. Lloyd-Bennett,31/08/21,Crewe,Cesión
Tottenham Hotspur,Transferencias salientes (€22M),P. Sarr,28/08/21,Metz,Cesión
Tottenham Hotspur,Transferencias salientes (€22M),M. Sissoko,27/08/21,Watford,€ 5.8M
Tottenham Hotspur,Transferencias salientes (€22M),T. Eyoma,17/08/21,Lincoln, N/A
Tottenham Hotspur,Transferencias salientes (€22M),J. Okedina,07/08/21,Cambridge Utd,Libre
Tottenham Hotspur,Transferencias salientes (€22M),J. Bowden,06/08/21,Oldham,Cesión
Tottenham Hotspur,Transferencias salientes (€22M),J. Hart,03/08/21,Celtic,€ 1.2M
Tottenham Hotspur,Transferencias salientes (€22M),T. Parrott,29/07/21,MK Dons,Cesión
Tottenham Hotspur,Transferencias salientes (€22M),T. Alderweireld,28/07/21,Al Duhail, N/A
Tottenham Hotspur,Transferencias salientes (€22M),E. Lamela,26/07/21,Sevilla, N/A
Tottenham Hotspur,Transferencias salientes (€22M),P. Gazzaniga,24/07/21,Fulham,Libre
Tottenham Hotspur,Transferencias salientes (€22M),J. Foyth,01/07/21,Villarreal,€ 15M
Tottenham Hotspur,Transferencias salientes (€22M),Carlos Vinícius,01/07/21,Benfica,N/A
Tottenham Hotspur,Transferencias salientes (€22M),D. Rose,01/07/21,Watford,Libre
Tottenham Hotspur,Transferencias salientes (€22M),G. Bale,01/07/21,Real Madrid,N/A
Tottenham Hotspur,Transferencias salientes (€22M),T. Parrott,01/02/21,Ipswich,Cesión
Tottenham Hotspur,Transferencias salientes (€22M),P. Gazzaniga,01/02/21,Elche,Cesión
Tottenham Hotspur,Transferencias salientes (€22M),M. Fagan-Walcott,28/01/21,Dundee,Cesión
Tottenham Hotspur,Transferencias salientes (€22M),A. Georgiou,22/01/21,AEL, N/A
Tottenham Hotspur,Transferencias salientes (€22M),B. Austin,22/01/21,Orlando,Cesión
Tottenham Hotspur,Transferencias salientes (€22M),H. White,18/01/21,Portsmouth,Cesión
Tottenham Hotspur,Transferencias salientes (€22M),J. Clarke,14/01/21,Stoke,Cesión
Tottenham Hotspur,Transferencias salientes (€22M),M. Pochettino,02/01/21,PSG,N/A
Watford,Transferencias entrantes (€5.9M),N. N'Koulou,07/10/21,Torino,Libre
Watford,Transferencias entrantes (€5.9M),M. Sissoko,27/08/21,Tottenham,€ 5.8M
Watford,Transferencias entrantes (€5.9M),O. Tufan,19/08/21,Fenerbahçe,Cesión
Watford,Transferencias entrantes (€5.9M),J. Kucka,06/08/21,Parma, N/A
Watford,Transferencias entrantes (€5.9M),O. Etebo,09/07/21,Stoke,Cesión
Watford,Transferencias entrantes (€5.9M),J. King,09/07/21,Everton,Libre
Watford,Transferencias entrantes (€5.9M),D. Agyakwa,01/07/21,Como,N/A
Watford,Transferencias entrantes (€5.9M),I. Louza,01/07/21,Nantes,€ 100K
Watford,Transferencias entrantes (€5.9M),J. Alvarado,01/07/21,Athletico PR,N/A
Watford,Transferencias entrantes (€5.9M),Domingos Quina,01/07/21,Granada,N/A
Watford,Transferencias entrantes (€5.9M),J. Hernández,01/07/21,Getafe,N/A
Watford,Transferencias entrantes (€5.9M),P. Dahlberg,01/07/21,Häcken,N/A
Watford,Transferencias entrantes (€5.9M),A. Fletcher,01/07/21,Middlesbrough,Libre
Watford,Transferencias entrantes (€5.9M),J. Sinclair,01/07/21,CSKA Sofía,N/A
Watford,Transferencias entrantes (€5.9M),D. Rose,01/07/21,Tottenham,Libre
Watford,Transferencias entrantes (€5.9M),C. Dawson,30/06/21,West Ham,N/A
Watford,Transferencias entrantes (€5.9M),K. Baah,09/06/21,Rochdale, N/A
Watford,Transferencias entrantes (€5.9M),M. Pollock,08/06/21,Grimsby, N/A
Watford,Transferencias entrantes (€5.9M),S. Dalby,20/03/21,Stockport,N/A
Watford,Transferencias entrantes (€5.9M),C. Sánchez,05/03/21,West Ham,N/A
Watford,Transferencias entrantes (€5.9M),A. Lazaar,11/02/21,Newcastle,Libre
Watford,Transferencias entrantes (€5.9M),B. Spencer-Adams,01/02/21,Dover,N/A
Watford,Transferencias entrantes (€5.9M),D. Gosling,31/01/21,Bournemouth, N/A
Watford,Transferencias entrantes (€5.9M),R. Elliot,28/01/21,Newcastle,N/A
Watford,Transferencias entrantes (€5.9M),P. Zinckernagel,01/01/21,Bodo Glimt, N/A
Watford,Transferencias salientes (€7M),M. Pollock,31/08/21,Cheltenham,Cesión
Watford,Transferencias salientes (€7M),Domingos Quina,31/08/21,Fulham,Cesión
Watford,Transferencias salientes (€7M),N. Chalobah,31/08/21,Fulham, N/A
Watford,Transferencias salientes (€7M),A. Gray,31/08/21,QPR,Cesión
Watford,Transferencias salientes (€7M),T. Deeney,30/08/21,Birmingham,Libre
Watford,Transferencias salientes (€7M),J. Alvarado,29/08/21,Racing Ferrol,Cesión
Watford,Transferencias salientes (€7M),W. Hughes,28/08/21,Crystal Palace,€ 7M
Watford,Transferencias salientes (€7M),A. Lazaar,27/08/21,Portimonense,Libre
Watford,Transferencias salientes (€7M),I. Success,26/08/21,Udinese,Cesión
Watford,Transferencias salientes (€7M),F. Stuparević,18/08/21,Metalac GM, N/A
Watford,Transferencias salientes (€7M),S. Perica,18/08/21,Maccabi TA, N/A
Watford,Transferencias salientes (€7M),J. Hungbo,17/08/21,Ross,Cesión
Watford,Transferencias salientes (€7M),T. Dele-Bashiru,12/08/21,Reading,Cesión
Watford,Transferencias salientes (€7M),P. Zinckernagel,07/08/21,Nottingham,Cesión
Watford,Transferencias salientes (€7M),H. Forster,06/08/21,Bromley,Libre
Watford,Transferencias salientes (€7M),T. Stevenson,03/08/21,Bromley,Libre
Watford,Transferencias salientes (€7M),S. Dalby,28/07/21,Southend,Libre
Watford,Transferencias salientes (€7M),D. Phillips,23/07/21,Gillingham,Cesión
Watford,Transferencias salientes (€7M),A. Peñaranda,12/07/21,Las Palmas,Cesión
Watford,Transferencias salientes (€7M),J. Segura,01/07/21,América,Cesión
Watford,Transferencias salientes (€7M),C. Dawson,01/07/21,West Ham, N/A
Watford,Transferencias salientes (€7M),B. Wilmot,24/06/21,Stoke, N/A
Watford,Transferencias salientes (€7M),A. Parkes,30/04/21,Barnet,Cesión
Watford,Transferencias salientes (€7M),K. Hinds,01/04/21,Aldershot,N/A
Watford,Transferencias salientes (€7M),S. Dalby,22/03/21,Woking,Cesión
Watford,Transferencias salientes (€7M),S. Dalby,19/02/21,Stockport,Cesión
Watford,Transferencias salientes (€7M),Domingos Quina,01/02/21,Granada,Cesión
Watford,Transferencias salientes (€7M),Deulofeu,01/02/21,Udinese, N/A
Watford,Transferencias salientes (€7M),G. Murray,31/01/21,Brighton,N/A
Watford,Transferencias salientes (€7M),D. Janmaat,01/01/21,ADO,Libre
Watford,Transferencias salientes (€7M),E. Capoue,01/01/21,Villarreal, N/A
West Ham United,Transferencias entrantes (€91.6M),A. Král,31/08/21,Spartak,Cesión
West Ham United,Transferencias entrantes (€91.6M),N. Vlašić,31/08/21,CSKA,€ 30M
West Ham United,Transferencias entrantes (€91.6M),K. Zouma,28/08/21,Chelsea,€ 35M
West Ham United,Transferencias entrantes (€91.6M),A. Areola,29/07/21,PSG,Cesión
West Ham United,Transferencias entrantes (€91.6M),Xande Silva,01/07/21,Aris,N/A
West Ham United,Transferencias entrantes (€91.6M),C. Dawson,01/07/21,Watford, N/A
West Ham United,Transferencias entrantes (€91.6M),W. Reid,01/07/21,Brentford,N/A
West Ham United,Transferencias entrantes (€91.6M),O. Afolayan,01/06/21,Bolton,N/A
West Ham United,Transferencias entrantes (€91.6M),A. Alese,01/06/21,Cambridge Utd,N/A
West Ham United,Transferencias entrantes (€91.6M),S. Benrahma,29/01/21,Brentford,€ 23.1M
West Ham United,Transferencias entrantes (€91.6M),J. Lingard,29/01/21,Man United,Cesión
West Ham United,Transferencias entrantes (€91.6M),F. Alves,01/01/21,Silkeborg, N/A
West Ham United,Transferencias entrantes (€91.6M),W. Reid,01/01/21,Kansas,N/A
West Ham United,Transferencias salientes (€3M),C. Coventry,31/08/21,Peterborough,Cesión
West Ham United,Transferencias salientes (€3M),Xande Silva,31/08/21,Nottingham, N/A
West Ham United,Transferencias salientes (€3M),F. Alves,13/08/21,Sunderland,Cesión
West Ham United,Transferencias salientes (€3M),N. Holland,29/07/21,Oxford,Cesión
West Ham United,Transferencias salientes (€3M),Felipe Anderson,16/07/21,Lazio,€ 3M
West Ham United,Transferencias salientes (€3M),F. Balbuena,09/07/21,Dinamo,Libre
West Ham United,Transferencias salientes (€3M),O. Afolayan,01/07/21,Bolton,Libre
West Ham United,Transferencias salientes (€3M),A. Lewis,01/07/21,St Patrick's, N/A
West Ham United,Transferencias salientes (€3M),J. Lingard,01/07/21,Man United,N/A
West Ham United,Transferencias salientes (€3M),C. Dawson,30/06/21,Watford,N/A
West Ham United,Transferencias salientes (€3M),C. Sánchez,05/03/21,Watford,N/A
West Ham United,Transferencias salientes (€3M),Gonçalo Cardoso,03/02/21,Basilea, N/A
West Ham United,Transferencias salientes (€3M),O. Afolayan,01/02/21,Bolton,Cesión
West Ham United,Transferencias salientes (€3M),A. Alese,01/02/21,Cambridge Utd,Cesión
West Ham United,Transferencias salientes (€3M),W. Reid,01/02/21,Brentford,Cesión
West Ham United,Transferencias salientes (€3M),J. Wilshere,18/01/21,Bournemouth,Libre
West Ham United,Transferencias salientes (€3M),S. Haller,08/01/21,Ajax, N/A
West Ham United,Transferencias salientes (€3M),R. Snodgrass,08/01/21,West Bromwich, N/A
Wolverhampton Wanderers,Transferencias entrantes (€19M),Hwang Hee-Chan,29/08/21,Leipzig,Cesión
Wolverhampton Wanderers,Transferencias entrantes (€19M),B. Bolla,17/07/21,Fehervar, N/A
Wolverhampton Wanderers,Transferencias entrantes (€19M),José Sá,15/07/21,Olympiakos,€ 8M
Wolverhampton Wanderers,Transferencias entrantes (€19M),R. Aït Nouri,09/07/21,Angers,€ 11M
Wolverhampton Wanderers,Transferencias entrantes (€19M),Trincão,04/07/21,Barcelona,Cesión
Wolverhampton Wanderers,Transferencias entrantes (€19M),L. Campana,01/07/21,Famalicão,N/A
Wolverhampton Wanderers,Transferencias entrantes (€19M),Rúben Vinagre,01/07/21,Famalicão,N/A
Wolverhampton Wanderers,Transferencias entrantes (€19M),Bruno Jordão,01/07/21,Famalicão,N/A
Wolverhampton Wanderers,Transferencias entrantes (€19M),C. Ronan,01/07/21,Grasshopper,N/A
Wolverhampton Wanderers,Transferencias entrantes (€19M),P. Cutrone,01/07/21,Valencia,N/A
Wolverhampton Wanderers,Transferencias entrantes (€19M),O. Buur,01/07/21,Grasshopper,N/A
Wolverhampton Wanderers,Transferencias entrantes (€19M),Rafa Mir,30/06/21,Huesca,N/A
Wolverhampton Wanderers,Transferencias entrantes (€19M),R. Giles,01/06/21,Rotherham,N/A
Wolverhampton Wanderers,Transferencias entrantes (€19M),D. Sanderson,01/06/21,Sunderland,N/A
Wolverhampton Wanderers,Transferencias entrantes (€19M),M. Šarkić,01/06/21,Shrewsbury,N/A
Wolverhampton Wanderers,Transferencias entrantes (€19M),Willian José,23/01/21,Real Sociedad,Cesión
Wolverhampton Wanderers,Transferencias entrantes (€19M),P. Cutrone,07/01/21,Fiorentina,N/A
Wolverhampton Wanderers,Transferencias entrantes (€19M),M. Gibbs-White,06/01/21,Swansea,N/A
Wolverhampton Wanderers,Transferencias salientes (€16M),C. Ronan,01/09/21,St. Mirren,Cesión
Wolverhampton Wanderers,Transferencias salientes (€16M),A. Søndergaard,31/08/21,Randers,Cesión
Wolverhampton Wanderers,Transferencias salientes (€16M),M. Gibbs-White,31/08/21,Sheff Utd,Cesión
Wolverhampton Wanderers,Transferencias salientes (€16M),O. Otasowie,28/08/21,Brujas, N/A
Wolverhampton Wanderers,Transferencias salientes (€16M),Rafa Mir,20/08/21,Sevilla,€ 16M
Wolverhampton Wanderers,Transferencias salientes (€16M),P. Cutrone,14/08/21,Empoli,Cesión
Wolverhampton Wanderers,Transferencias salientes (€16M),T. Perry,06/08/21,Cheltenham,Cesión
Wolverhampton Wanderers,Transferencias salientes (€16M),T. Corbeanu,02/08/21,Sheff Wed,Cesión
Wolverhampton Wanderers,Transferencias salientes (€16M),M. Šarkić,26/07/21,Birmingham,Cesión
Wolverhampton Wanderers,Transferencias salientes (€16M),D. Sanderson,19/07/21,Birmingham,Cesión
Wolverhampton Wanderers,Transferencias salientes (€16M),B. Bolla,18/07/21,Grasshopper,Cesión
Wolverhampton Wanderers,Transferencias salientes (€16M),L. Campana,16/07/21,Grasshopper,Cesión
Wolverhampton Wanderers,Transferencias salientes (€16M),R. Giles,13/07/21,Cardiff,Cesión
Wolverhampton Wanderers,Transferencias salientes (€16M),Rui Patrício,13/07/21,Roma, N/A
Wolverhampton Wanderers,Transferencias salientes (€16M),Rúben Vinagre,09/07/21,Sporting,Cesión
Wolverhampton Wanderers,Transferencias salientes (€16M),Vitinha,01/07/21,Oporto,N/A
Wolverhampton Wanderers,Transferencias salientes (€16M),Roderick Miranda,01/02/21,Gaziantep BB,Libre
Wolverhampton Wanderers,Transferencias salientes (€16M),P. Cutrone,31/01/21,Valencia,Cesión
Wolverhampton Wanderers,Transferencias salientes (€16M),R. Giles,26/01/21,Rotherham,Cesión
Wolverhampton Wanderers,Transferencias salientes (€16M),O. Buur,11/01/21,Grasshopper,Cesión
Wolverhampton Wanderers,Transferencias salientes (€16M),Rúben Vinagre,05/01/21,Famalicão,Cesión
